Agos|Klac|Sklu	590	256	224
Agos|Klac|Kwal	587	273	210
Agos|Klac|Kthe	588	273	209
Agos|Klac|Zrou	943	70	57
Agos|Klac|Kpol	955	59	56
Agos|Cgla|Klac	62	960	48
Agos|Klac|Scas	991	35	44
Agos|Klac|Sbay	1038	13	19
Agos|Klac|Skud	1037	13	20
Agos|Klac|Spar	1038	13	19
Agos|Klac|Scer	1040	13	17
Agos|Klac|Smik	1037	13	20
Agos|Clus|Klac	238	583	249
Agos|Cgui|Klac	239	582	249
Agos|Dhan|Klac	238	583	249
Agos|Klac|Psti	586	235	249
Agos|Cpar|Klac	239	582	249
Agos|Klac|Lelo	586	235	249
Agos|Ctro|Klac	239	582	249
Agos|Calb|Klac	239	582	249
Agos|Cdub|Klac	239	582	249
Agos|Kwal|Sklu	259	228	583
Agos|Kthe|Sklu	258	229	583
Agos|Sklu|Zrou	923	79	68
Agos|Kpol|Sklu	71	945	54
Agos|Cgla|Sklu	74	954	42
Agos|Scas|Sklu	42	985	43
Agos|Sbay|Sklu	21	1026	23
Agos|Sklu|Skud	1027	19	24
Agos|Sklu|Spar	1028	19	23
Agos|Scer|Sklu	21	1027	22
Agos|Sklu|Smik	1027	19	24
Agos|Clus|Sklu	387	520	163
Agos|Cgui|Sklu	388	519	163
Agos|Dhan|Sklu	387	520	163
Agos|Psti|Sklu	388	519	163
Agos|Cpar|Sklu	388	519	163
Agos|Lelo|Sklu	388	519	163
Agos|Ctro|Sklu	388	519	163
Agos|Calb|Sklu	388	519	163
Agos|Cdub|Sklu	388	519	163
Agos|Kthe|Kwal	11	6	1053
Agos|Kwal|Zrou	919	88	63
Agos|Kpol|Kwal	76	948	46
Agos|Cgla|Kwal	74	952	44
Agos|Kwal|Scas	985	50	35
Agos|Kwal|Sbay	1027	26	17
Agos|Kwal|Skud	1026	26	18
Agos|Kwal|Spar	1027	26	17
Agos|Kwal|Scer	1029	25	16
Agos|Kwal|Smik	1026	26	18
Agos|Clus|Kwal	363	511	196
Agos|Cgui|Kwal	364	510	196
Agos|Dhan|Kwal	363	511	196
Agos|Kwal|Psti	511	363	196
Agos|Cpar|Kwal	364	510	196
Agos|Kwal|Lelo	511	363	196
Agos|Ctro|Kwal	364	510	196
Agos|Calb|Kwal	364	510	196
Agos|Cdub|Kwal	364	510	196
Agos|Kthe|Zrou	918	89	63
Agos|Kpol|Kthe	76	946	48
Agos|Cgla|Kthe	74	951	45
Agos|Kthe|Scas	983	50	37
Agos|Kthe|Sbay	1027	26	17
Agos|Kthe|Skud	1026	26	18
Agos|Kthe|Spar	1027	26	17
Agos|Kthe|Scer	1029	25	16
Agos|Kthe|Smik	1026	26	18
Agos|Clus|Kthe	364	510	196
Agos|Cgui|Kthe	365	509	196
Agos|Dhan|Kthe	364	510	196
Agos|Kthe|Psti	510	364	196
Agos|Cpar|Kthe	365	509	196
Agos|Kthe|Lelo	510	364	196
Agos|Ctro|Kthe	365	509	196
Agos|Calb|Kthe	365	509	196
Agos|Cdub|Kthe	365	509	196
Agos|Kpol|Zrou	314	434	322
Agos|Cgla|Zrou	248	602	220
Agos|Scas|Zrou	172	689	209
Agos|Sbay|Zrou	15	1005	50
Agos|Skud|Zrou	15	1004	51
Agos|Spar|Zrou	16	1005	49
Agos|Scer|Zrou	14	1009	47
Agos|Smik|Zrou	16	1004	50
Agos|Clus|Zrou	796	167	107
Agos|Cgui|Zrou	797	166	107
Agos|Dhan|Zrou	796	167	107
Agos|Psti|Zrou	797	166	107
Agos|Cpar|Zrou	797	166	107
Agos|Lelo|Zrou	797	166	107
Agos|Ctro|Zrou	797	166	107
Agos|Calb|Zrou	797	166	107
Agos|Cdub|Zrou	797	166	107
Agos|Cgla|Kpol	256	522	292
Agos|Kpol|Scas	628	181	261
Agos|Kpol|Sbay	1003	12	55
Agos|Kpol|Skud	1002	12	56
Agos|Kpol|Spar	1003	12	55
Agos|Kpol|Scer	1006	11	53
Agos|Kpol|Smik	1002	12	56
Agos|Clus|Kpol	810	147	113
Agos|Cgui|Kpol	811	146	113
Agos|Dhan|Kpol	810	147	113
Agos|Kpol|Psti	148	809	113
Agos|Cpar|Kpol	811	146	113
Agos|Kpol|Lelo	148	809	113
Agos|Ctro|Kpol	811	146	113
Agos|Calb|Kpol	811	146	113
Agos|Cdub|Kpol	811	146	113
Agos|Cgla|Scas	452	295	323
Agos|Cgla|Sbay	999	10	61
Agos|Cgla|Skud	998	10	62
Agos|Cgla|Spar	999	10	61
Agos|Cgla|Scer	1003	7	60
Agos|Cgla|Smik	998	10	62
Agos|Cgla|Clus	134	819	117
Agos|Cgla|Cgui	133	820	117
Agos|Cgla|Dhan	134	819	117
Agos|Cgla|Psti	133	820	117
Agos|Cgla|Cpar	133	820	117
Agos|Cgla|Lelo	133	820	117
Agos|Cgla|Ctro	133	820	117
Agos|Calb|Cgla	820	133	117
Agos|Cdub|Cgla	820	133	117
Agos|Sbay|Scas	13	991	66
Agos|Scas|Skud	993	11	66
Agos|Scas|Spar	995	10	65
Agos|Scas|Scer	999	9	62
Agos|Scas|Smik	994	10	66
Agos|Clus|Scas	885	109	76
Agos|Cgui|Scas	886	108	76
Agos|Dhan|Scas	885	109	76
Agos|Psti|Scas	886	108	76
Agos|Cpar|Scas	886	108	76
Agos|Lelo|Scas	886	108	76
Agos|Ctro|Scas	886	108	76
Agos|Calb|Scas	886	108	76
Agos|Cdub|Scas	886	108	76
Agos|Sbay|Skud	545	123	402
Agos|Sbay|Spar	866	46	158
Agos|Sbay|Scer	988	6	76
Agos|Sbay|Smik	707	124	239
Agos|Clus|Sbay	1015	38	17
Agos|Cgui|Sbay	1016	37	17
Agos|Dhan|Sbay	1015	38	17
Agos|Psti|Sbay	1016	37	17
Agos|Cpar|Sbay	1016	37	17
Agos|Lelo|Sbay	1016	37	17
Agos|Ctro|Sbay	1016	37	17
Agos|Calb|Sbay	1016	37	17
Agos|Cdub|Sbay	1016	37	17
Agos|Skud|Spar	835	59	176
Agos|Scer|Skud	141	847	82
Agos|Skud|Smik	630	163	277
Agos|Clus|Skud	1015	38	17
Agos|Cgui|Skud	1016	37	17
Agos|Dhan|Skud	1015	38	17
Agos|Psti|Skud	1016	37	17
Agos|Cpar|Skud	1016	37	17
Agos|Lelo|Skud	1016	37	17
Agos|Ctro|Skud	1016	37	17
Agos|Calb|Skud	1016	37	17
Agos|Cdub|Skud	1016	37	17
Agos|Scer|Spar	881	97	92
Agos|Smik|Spar	794	73	203
Agos|Clus|Spar	1016	38	16
Agos|Cgui|Spar	1017	37	16
Agos|Dhan|Spar	1016	38	16
Agos|Psti|Spar	1017	37	16
Agos|Cpar|Spar	1017	37	16
Agos|Lelo|Spar	1017	37	16
Agos|Ctro|Spar	1017	37	16
Agos|Calb|Spar	1017	37	16
Agos|Cdub|Spar	1017	37	16
Agos|Scer|Smik	191	794	85
Agos|Clus|Scer	1018	39	13
Agos|Cgui|Scer	1019	38	13
Agos|Dhan|Scer	1018	39	13
Agos|Psti|Scer	1019	38	13
Agos|Cpar|Scer	1019	38	13
Agos|Lelo|Scer	1019	38	13
Agos|Ctro|Scer	1019	38	13
Agos|Calb|Scer	1019	38	13
Agos|Cdub|Scer	1019	38	13
Agos|Clus|Smik	1014	38	18
Agos|Cgui|Smik	1015	37	18
Agos|Dhan|Smik	1014	38	18
Agos|Psti|Smik	1015	37	18
Agos|Cpar|Smik	1015	37	18
Agos|Lelo|Smik	1015	37	18
Agos|Ctro|Smik	1015	37	18
Agos|Calb|Smik	1015	37	18
Agos|Cdub|Smik	1015	37	18
Agos|Cgui|Clus	15	8	1047
Agos|Clus|Dhan	19	8	1043
Agos|Clus|Psti	20	7	1043
Agos|Clus|Cpar	24	10	1036
Agos|Clus|Lelo	23	10	1037
Agos|Clus|Ctro	24	9	1037
Agos|Calb|Clus	10	23	1037
Agos|Cdub|Clus	10	23	1037
Agos|Cgui|Dhan	15	4	1051
Agos|Cgui|Psti	23	5	1042
Agos|Cgui|Cpar	26	8	1036
Agos|Cgui|Lelo	25	8	1037
Agos|Cgui|Ctro	25	8	1037
Agos|Calb|Cgui	9	24	1037
Agos|Cdub|Cgui	9	24	1037
Agos|Dhan|Psti	18	6	1046
Agos|Cpar|Dhan	13	19	1038
Agos|Dhan|Lelo	20	11	1039
Agos|Ctro|Dhan	12	19	1039
Agos|Calb|Dhan	12	19	1039
Agos|Cdub|Dhan	12	19	1039
Agos|Cpar|Psti	13	18	1039
Agos|Lelo|Psti	12	18	1040
Agos|Ctro|Psti	12	18	1040
Agos|Calb|Psti	12	18	1040
Agos|Cdub|Psti	12	18	1040
Agos|Cpar|Lelo	13	1	1056
Agos|Cpar|Ctro	9	12	1049
Agos|Calb|Cpar	13	8	1049
Agos|Cdub|Cpar	14	8	1048
Agos|Ctro|Lelo	12	8	1050
Agos|Calb|Lelo	12	8	1050
Agos|Cdub|Lelo	13	8	1049
Agos|Calb|Ctro	7	2	1061
Agos|Cdub|Ctro	8	2	1060
Agos|Calb|Cdub	3	0	1067
Klac|Kwal|Sklu	203	236	631
Klac|Kthe|Sklu	202	237	631
Klac|Sklu|Zrou	940	63	67
Klac|Kpol|Sklu	59	964	47
Cgla|Klac|Sklu	64	40	966
Klac|Scas|Sklu	48	989	33
Klac|Sbay|Sklu	21	1032	17
Klac|Sklu|Skud	1035	18	17
Klac|Sklu|Spar	1035	17	18
Klac|Scer|Sklu	20	1034	16
Klac|Sklu|Smik	1035	18	17
Clus|Klac|Sklu	377	175	518
Cgui|Klac|Sklu	377	175	518
Dhan|Klac|Sklu	377	175	518
Klac|Psti|Sklu	377	518	175
Cpar|Klac|Sklu	377	175	518
Klac|Lelo|Sklu	377	518	175
Ctro|Klac|Sklu	377	175	518
Calb|Klac|Sklu	377	175	518
Cdub|Klac|Sklu	377	175	518
Klac|Kthe|Kwal	12	5	1053
Klac|Kwal|Zrou	940	66	64
Klac|Kpol|Kwal	67	960	43
Cgla|Klac|Kwal	69	43	958
Klac|Kwal|Scas	991	52	27
Klac|Kwal|Sbay	1036	24	10
Klac|Kwal|Skud	1035	24	11
Klac|Kwal|Spar	1036	24	10
Klac|Kwal|Scer	1037	23	10
Klac|Kwal|Smik	1035	25	10
Clus|Klac|Kwal	373	219	478
Cgui|Klac|Kwal	373	219	478
Dhan|Klac|Kwal	373	219	478
Klac|Kwal|Psti	479	372	219
Cpar|Klac|Kwal	373	219	478
Klac|Kwal|Lelo	479	372	219
Ctro|Klac|Kwal	373	219	478
Calb|Klac|Kwal	373	219	478
Cdub|Klac|Kwal	373	219	478
Klac|Kthe|Zrou	941	66	63
Klac|Kpol|Kthe	67	959	44
Cgla|Klac|Kthe	68	44	958
Klac|Kthe|Scas	990	51	29
Klac|Kthe|Sbay	1036	24	10
Klac|Kthe|Skud	1035	24	11
Klac|Kthe|Spar	1036	24	10
Klac|Kthe|Scer	1037	23	10
Klac|Kthe|Smik	1035	25	10
Clus|Klac|Kthe	372	220	478
Cgui|Klac|Kthe	372	220	478
Dhan|Klac|Kthe	372	220	478
Klac|Kthe|Psti	479	371	220
Cpar|Klac|Kthe	372	220	478
Klac|Kthe|Lelo	479	371	220
Ctro|Klac|Kthe	372	220	478
Calb|Klac|Kthe	372	220	478
Cdub|Klac|Kthe	372	220	478
Klac|Kpol|Zrou	313	430	327
Cgla|Klac|Zrou	250	218	602
Klac|Scas|Zrou	177	685	208
Klac|Sbay|Zrou	15	1005	50
Klac|Skud|Zrou	15	1004	51
Klac|Spar|Zrou	15	1006	49
Klac|Scer|Zrou	13	1009	48
Klac|Smik|Zrou	17	1004	49
Clus|Klac|Zrou	791	118	161
Cgui|Klac|Zrou	791	118	161
Dhan|Klac|Zrou	791	118	161
Klac|Psti|Zrou	791	161	118
Cpar|Klac|Zrou	791	118	161
Klac|Lelo|Zrou	791	161	118
Ctro|Klac|Zrou	791	118	161
Calb|Klac|Zrou	791	118	161
Cdub|Klac|Zrou	791	118	161
Cgla|Klac|Kpol	261	293	516
Klac|Kpol|Scas	623	189	258
Klac|Kpol|Sbay	1004	13	53
Klac|Kpol|Skud	1003	13	54
Klac|Kpol|Spar	1004	13	53
Klac|Kpol|Scer	1006	11	53
Klac|Kpol|Smik	1003	14	53
Clus|Klac|Kpol	810	112	148
Cgui|Klac|Kpol	810	112	148
Dhan|Klac|Kpol	810	112	148
Klac|Kpol|Psti	151	807	112
Cpar|Klac|Kpol	810	112	148
Klac|Kpol|Lelo	151	807	112
Ctro|Klac|Kpol	810	112	148
Calb|Klac|Kpol	810	112	148
Cdub|Klac|Kpol	810	112	148
Cgla|Klac|Scas	450	320	300
Cgla|Klac|Sbay	999	61	10
Cgla|Klac|Skud	998	62	10
Cgla|Klac|Spar	999	61	10
Cgla|Klac|Scer	1003	61	6
Cgla|Klac|Smik	998	61	11
Cgla|Clus|Klac	114	129	827
Cgla|Cgui|Klac	114	129	827
Cgla|Dhan|Klac	114	129	827
Cgla|Klac|Psti	131	112	827
Cgla|Cpar|Klac	114	129	827
Cgla|Klac|Lelo	131	112	827
Cgla|Ctro|Klac	114	129	827
Calb|Cgla|Klac	114	827	129
Cdub|Cgla|Klac	114	827	129
Klac|Sbay|Scas	13	991	66
Klac|Scas|Skud	993	11	66
Klac|Scas|Spar	995	10	65
Klac|Scas|Scer	1000	8	62
Klac|Scas|Smik	994	11	65
Clus|Klac|Scas	881	77	112
Cgui|Klac|Scas	881	77	112
Dhan|Klac|Scas	881	77	112
Klac|Psti|Scas	881	112	77
Cpar|Klac|Scas	881	77	112
Klac|Lelo|Scas	881	112	77
Ctro|Klac|Scas	881	77	112
Calb|Klac|Scas	881	77	112
Cdub|Klac|Scas	881	77	112
Klac|Sbay|Skud	546	123	401
Klac|Sbay|Spar	865	46	159
Klac|Sbay|Scer	988	5	77
Klac|Sbay|Smik	708	123	239
Clus|Klac|Sbay	1014	14	42
Cgui|Klac|Sbay	1014	14	42
Dhan|Klac|Sbay	1014	14	42
Klac|Psti|Sbay	1014	42	14
Cpar|Klac|Sbay	1014	14	42
Klac|Lelo|Sbay	1014	42	14
Ctro|Klac|Sbay	1014	14	42
Calb|Klac|Sbay	1014	14	42
Cdub|Klac|Sbay	1014	14	42
Klac|Skud|Spar	835	59	176
Klac|Scer|Skud	140	847	83
Klac|Skud|Smik	631	163	276
Clus|Klac|Skud	1014	14	42
Cgui|Klac|Skud	1014	14	42
Dhan|Klac|Skud	1014	14	42
Klac|Psti|Skud	1014	42	14
Cpar|Klac|Skud	1014	14	42
Klac|Lelo|Skud	1014	42	14
Ctro|Klac|Skud	1014	14	42
Calb|Klac|Skud	1014	14	42
Cdub|Klac|Skud	1014	14	42
Klac|Scer|Spar	880	97	93
Klac|Smik|Spar	794	73	203
Clus|Klac|Spar	1015	13	42
Cgui|Klac|Spar	1015	13	42
Dhan|Klac|Spar	1015	13	42
Klac|Psti|Spar	1015	42	13
Cpar|Klac|Spar	1015	13	42
Klac|Lelo|Spar	1015	42	13
Ctro|Klac|Spar	1015	13	42
Calb|Klac|Spar	1015	13	42
Cdub|Klac|Spar	1015	13	42
Klac|Scer|Smik	190	794	86
Clus|Klac|Scer	1016	12	42
Cgui|Klac|Scer	1016	12	42
Dhan|Klac|Scer	1016	12	42
Klac|Psti|Scer	1016	42	12
Cpar|Klac|Scer	1016	12	42
Klac|Lelo|Scer	1016	42	12
Ctro|Klac|Scer	1016	12	42
Calb|Klac|Scer	1016	12	42
Cdub|Klac|Scer	1016	12	42
Clus|Klac|Smik	1013	14	43
Cgui|Klac|Smik	1013	14	43
Dhan|Klac|Smik	1013	14	43
Klac|Psti|Smik	1013	43	14
Cpar|Klac|Smik	1013	14	43
Klac|Lelo|Smik	1013	43	14
Ctro|Klac|Smik	1013	14	43
Calb|Klac|Smik	1013	14	43
Cdub|Klac|Smik	1013	14	43
Cgui|Clus|Klac	1050	12	8
Clus|Dhan|Klac	1049	14	7
Clus|Klac|Psti	20	1044	6
Clus|Cpar|Klac	1040	22	8
Clus|Klac|Lelo	23	1039	8
Clus|Ctro|Klac	1040	23	7
Calb|Clus|Klac	1040	7	23
Cdub|Clus|Klac	1040	7	23
Cgui|Dhan|Klac	1055	12	3
Cgui|Klac|Psti	23	1043	4
Cgui|Cpar|Klac	1040	24	6
Cgui|Klac|Lelo	25	1039	6
Cgui|Ctro|Klac	1040	24	6
Calb|Cgui|Klac	1040	6	24
Cdub|Cgui|Klac	1040	6	24
Dhan|Klac|Psti	18	1047	5
Cpar|Dhan|Klac	1042	9	19
Dhan|Klac|Lelo	20	1041	9
Ctro|Dhan|Klac	1042	9	19
Calb|Dhan|Klac	1042	9	19
Cdub|Dhan|Klac	1042	9	19
Cpar|Klac|Psti	10	1042	18
Klac|Lelo|Psti	9	18	1043
Ctro|Klac|Psti	9	1043	18
Calb|Klac|Psti	9	1043	18
Cdub|Klac|Psti	9	1043	18
Cpar|Klac|Lelo	13	1057	0
Cpar|Ctro|Klac	1052	7	11
Calb|Cpar|Klac	1052	11	7
Cdub|Cpar|Klac	1052	11	7
Ctro|Klac|Lelo	11	1052	7
Calb|Klac|Lelo	11	1052	7
Cdub|Klac|Lelo	12	1051	7
Calb|Ctro|Klac	1066	2	2
Cdub|Ctro|Klac	1066	2	2
Calb|Cdub|Klac	1070	0	0
Kthe|Kwal|Sklu	1066	1	3
Kwal|Sklu|Zrou	989	39	42
Kpol|Kwal|Sklu	30	39	1001
Cgla|Kwal|Sklu	37	32	1001
Kwal|Scas|Sklu	18	1023	29
Kwal|Sbay|Sklu	10	1041	19
Kwal|Sklu|Skud	1046	5	19
Kwal|Sklu|Spar	1046	4	20
Kwal|Scer|Sklu	10	1042	18
Kwal|Sklu|Smik	1046	5	19
Clus|Kwal|Sklu	195	141	734
Cgui|Kwal|Sklu	195	141	734
Dhan|Kwal|Sklu	195	141	734
Kwal|Psti|Sklu	195	734	141
Cpar|Kwal|Sklu	195	141	734
Kwal|Lelo|Sklu	195	734	141
Ctro|Kwal|Sklu	195	141	734
Calb|Kwal|Sklu	195	141	734
Cdub|Kwal|Sklu	195	141	734
Kthe|Sklu|Zrou	988	39	43
Kpol|Kthe|Sklu	32	39	999
Cgla|Kthe|Sklu	38	32	1000
Kthe|Scas|Sklu	20	1021	29
Kthe|Sbay|Sklu	10	1041	19
Kthe|Sklu|Skud	1046	5	19
Kthe|Sklu|Spar	1046	4	20
Kthe|Scer|Sklu	10	1042	18
Kthe|Sklu|Smik	1046	5	19
Clus|Kthe|Sklu	195	142	733
Cgui|Kthe|Sklu	195	142	733
Dhan|Kthe|Sklu	195	142	733
Kthe|Psti|Sklu	195	733	142
Cpar|Kthe|Sklu	195	142	733
Kthe|Lelo|Sklu	195	733	142
Ctro|Kthe|Sklu	195	142	733
Calb|Kthe|Sklu	195	142	733
Cdub|Kthe|Sklu	195	142	733
Kpol|Sklu|Zrou	314	324	432
Cgla|Sklu|Zrou	242	219	609
Scas|Sklu|Zrou	174	200	696
Sbay|Sklu|Zrou	17	48	1005
Sklu|Skud|Zrou	17	1004	49
Sklu|Spar|Zrou	18	1005	47
Scer|Sklu|Zrou	15	46	1009
Sklu|Smik|Zrou	18	1004	48
Clus|Sklu|Zrou	784	121	165
Cgui|Sklu|Zrou	784	121	165
Dhan|Sklu|Zrou	784	121	165
Psti|Sklu|Zrou	784	121	165
Cpar|Sklu|Zrou	784	121	165
Lelo|Sklu|Zrou	784	121	165
Ctro|Sklu|Zrou	784	121	165
Calb|Sklu|Zrou	784	121	165
Cdub|Sklu|Zrou	784	121	165
Cgla|Kpol|Sklu	304	243	523
Kpol|Scas|Sklu	265	615	190
Kpol|Sbay|Sklu	56	999	15
Kpol|Sklu|Skud	1002	53	15
Kpol|Sklu|Spar	1002	52	16
Kpol|Scer|Sklu	56	1001	13
Kpol|Sklu|Smik	1002	53	15
Clus|Kpol|Sklu	125	801	144
Cgui|Kpol|Sklu	125	801	144
Dhan|Kpol|Sklu	125	801	144
Kpol|Psti|Sklu	125	144	801
Cpar|Kpol|Sklu	125	801	144
Kpol|Lelo|Sklu	125	144	801
Ctro|Kpol|Sklu	125	801	144
Calb|Kpol|Sklu	125	801	144
Cdub|Kpol|Sklu	125	801	144
Cgla|Scas|Sklu	325	443	302
Cgla|Sbay|Sklu	65	994	11
Cgla|Sklu|Skud	997	62	11
Cgla|Sklu|Spar	997	61	12
Cgla|Scer|Sklu	68	995	7
Cgla|Sklu|Smik	997	62	11
Cgla|Clus|Sklu	128	122	820
Cgla|Cgui|Sklu	128	122	820
Cgla|Dhan|Sklu	128	122	820
Cgla|Psti|Sklu	128	122	820
Cgla|Cpar|Sklu	128	122	820
Cgla|Lelo|Sklu	128	122	820
Cgla|Ctro|Sklu	128	122	820
Calb|Cgla|Sklu	128	820	122
Cdub|Cgla|Sklu	128	820	122
Sbay|Scas|Sklu	67	10	993
Scas|Sklu|Skud	995	64	11
Scas|Sklu|Spar	996	63	11
Scas|Scer|Sklu	65	997	8
Scas|Sklu|Smik	996	64	10
Clus|Scas|Sklu	81	880	109
Cgui|Scas|Sklu	81	880	109
Dhan|Scas|Sklu	81	880	109
Psti|Scas|Sklu	81	880	109
Cpar|Scas|Sklu	81	880	109
Lelo|Scas|Sklu	81	880	109
Ctro|Scas|Sklu	81	880	109
Calb|Scas|Sklu	81	880	109
Cdub|Scas|Sklu	81	880	109
Sbay|Sklu|Skud	546	401	123
Sbay|Sklu|Spar	865	159	46
Sbay|Scer|Sklu	194	871	5
Sbay|Sklu|Smik	708	239	123
Clus|Sbay|Sklu	20	1011	39
Cgui|Sbay|Sklu	20	1011	39
Dhan|Sbay|Sklu	20	1011	39
Psti|Sbay|Sklu	20	1011	39
Cpar|Sbay|Sklu	20	1011	39
Lelo|Sbay|Sklu	20	1011	39
Ctro|Sbay|Sklu	20	1011	39
Calb|Sbay|Sklu	20	1011	39
Cdub|Sbay|Sklu	20	1011	39
Sklu|Skud|Spar	834	60	176
Scer|Sklu|Skud	140	83	847
Sklu|Skud|Smik	631	162	277
Clus|Sklu|Skud	1012	19	39
Cgui|Sklu|Skud	1012	19	39
Dhan|Sklu|Skud	1012	19	39
Psti|Sklu|Skud	1012	19	39
Cpar|Sklu|Skud	1012	19	39
Lelo|Sklu|Skud	1012	19	39
Ctro|Sklu|Skud	1012	19	39
Calb|Sklu|Skud	1012	19	39
Cdub|Sklu|Skud	1012	19	39
Scer|Sklu|Spar	880	93	97
Sklu|Smik|Spar	793	74	203
Clus|Sklu|Spar	1012	18	40
Cgui|Sklu|Spar	1012	18	40
Dhan|Sklu|Spar	1012	18	40
Psti|Sklu|Spar	1012	18	40
Cpar|Sklu|Spar	1012	18	40
Lelo|Sklu|Spar	1012	18	40
Ctro|Sklu|Spar	1012	18	40
Calb|Sklu|Spar	1012	18	40
Cdub|Sklu|Spar	1012	18	40
Scer|Sklu|Smik	190	86	794
Clus|Scer|Sklu	17	1014	39
Cgui|Scer|Sklu	17	1014	39
Dhan|Scer|Sklu	17	1014	39
Psti|Scer|Sklu	17	1014	39
Cpar|Scer|Sklu	17	1014	39
Lelo|Scer|Sklu	17	1014	39
Ctro|Scer|Sklu	17	1014	39
Calb|Scer|Sklu	17	1014	39
Cdub|Scer|Sklu	17	1014	39
Clus|Sklu|Smik	1011	20	39
Cgui|Sklu|Smik	1011	20	39
Dhan|Sklu|Smik	1011	20	39
Psti|Sklu|Smik	1011	20	39
Cpar|Sklu|Smik	1011	20	39
Lelo|Sklu|Smik	1011	20	39
Ctro|Sklu|Smik	1011	20	39
Calb|Sklu|Smik	1011	20	39
Cdub|Sklu|Smik	1011	20	39
Cgui|Clus|Sklu	1050	12	8
Clus|Dhan|Sklu	1049	14	7
Clus|Psti|Sklu	1046	18	6
Clus|Cpar|Sklu	1040	22	8
Clus|Lelo|Sklu	1040	22	8
Clus|Ctro|Sklu	1040	23	7
Calb|Clus|Sklu	1040	7	23
Cdub|Clus|Sklu	1040	7	23
Cgui|Dhan|Sklu	1055	12	3
Cgui|Psti|Sklu	1047	19	4
Cgui|Cpar|Sklu	1040	24	6
Cgui|Lelo|Sklu	1040	24	6
Cgui|Ctro|Sklu	1040	24	6
Calb|Cgui|Sklu	1040	6	24
Cdub|Cgui|Sklu	1040	6	24
Dhan|Psti|Sklu	1052	13	5
Cpar|Dhan|Sklu	1042	9	19
Dhan|Lelo|Sklu	1042	19	9
Ctro|Dhan|Sklu	1042	9	19
Calb|Dhan|Sklu	1042	9	19
Cdub|Dhan|Sklu	1042	9	19
Cpar|Psti|Sklu	1045	7	18
Lelo|Psti|Sklu	1045	7	18
Ctro|Psti|Sklu	1045	7	18
Calb|Psti|Sklu	1045	7	18
Cdub|Psti|Sklu	1045	7	18
Cpar|Lelo|Sklu	1069	1	0
Cpar|Ctro|Sklu	1052	7	11
Calb|Cpar|Sklu	1052	11	7
Cdub|Cpar|Sklu	1052	11	7
Ctro|Lelo|Sklu	1052	11	7
Calb|Lelo|Sklu	1052	11	7
Cdub|Lelo|Sklu	1052	11	7
Calb|Ctro|Sklu	1066	2	2
Cdub|Ctro|Sklu	1066	2	2
Calb|Cdub|Sklu	1070	0	0
Kthe|Kwal|Zrou	1069	0	1
Kpol|Kthe|Kwal	11	0	1059
Cgla|Kthe|Kwal	10	1	1059
Kthe|Kwal|Scas	1068	2	0
Kthe|Kwal|Sbay	1070	0	0
Kthe|Kwal|Skud	1070	0	0
Kthe|Kwal|Spar	1070	0	0
Kthe|Kwal|Scer	1070	0	0
Kthe|Kwal|Smik	1070	0	0
Clus|Kthe|Kwal	12	5	1053
Cgui|Kthe|Kwal	12	5	1053
Dhan|Kthe|Kwal	12	5	1053
Kthe|Kwal|Psti	1062	3	5
Cpar|Kthe|Kwal	12	5	1053
Kthe|Kwal|Lelo	1062	3	5
Ctro|Kthe|Kwal	12	5	1053
Calb|Kthe|Kwal	12	5	1053
Cdub|Kthe|Kwal	12	5	1053
Kpol|Kwal|Zrou	308	328	434
Cgla|Kwal|Zrou	240	218	612
Kwal|Scas|Zrou	169	695	206
Kwal|Sbay|Zrou	15	1004	51
Kwal|Skud|Zrou	15	1004	51
Kwal|Spar|Zrou	15	1005	50
Kwal|Scer|Zrou	13	1008	49
Kwal|Smik|Zrou	16	1004	50
Clus|Kwal|Zrou	781	123	166
Cgui|Kwal|Zrou	781	123	166
Dhan|Kwal|Zrou	781	123	166
Kwal|Psti|Zrou	781	166	123
Cpar|Kwal|Zrou	781	123	166
Kwal|Lelo|Zrou	781	166	123
Ctro|Kwal|Zrou	781	123	166
Calb|Kwal|Zrou	781	123	166
Cdub|Kwal|Zrou	781	123	166
Cgla|Kpol|Kwal	304	249	517
Kpol|Kwal|Scas	618	265	187
Kpol|Kwal|Sbay	1003	53	14
Kpol|Kwal|Skud	1003	53	14
Kpol|Kwal|Spar	1003	53	14
Kpol|Kwal|Scer	1006	52	12
Kpol|Kwal|Smik	1003	53	14
Clus|Kpol|Kwal	123	808	139
Cgui|Kpol|Kwal	123	808	139
Dhan|Kpol|Kwal	123	808	139
Kpol|Kwal|Psti	140	122	808
Cpar|Kpol|Kwal	123	808	139
Kpol|Kwal|Lelo	140	122	808
Ctro|Kpol|Kwal	123	808	139
Calb|Kpol|Kwal	123	808	139
Cdub|Kpol|Kwal	123	808	139
Cgla|Kwal|Scas	444	326	300
Cgla|Kwal|Sbay	998	62	10
Cgla|Kwal|Skud	998	62	10
Cgla|Kwal|Spar	998	62	10
Cgla|Kwal|Scer	1002	62	6
Cgla|Kwal|Smik	998	62	10
Cgla|Clus|Kwal	122	120	828
Cgla|Cgui|Kwal	122	120	828
Cgla|Dhan|Kwal	122	120	828
Cgla|Kwal|Psti	120	122	828
Cgla|Cpar|Kwal	122	120	828
Cgla|Kwal|Lelo	120	122	828
Cgla|Ctro|Kwal	122	120	828
Calb|Cgla|Kwal	122	828	120
Cdub|Cgla|Kwal	122	828	120
Kwal|Sbay|Scas	13	991	66
Kwal|Scas|Skud	994	11	65
Kwal|Scas|Spar	995	10	65
Kwal|Scas|Scer	1000	8	62
Kwal|Scas|Smik	995	10	65
Clus|Kwal|Scas	884	82	104
Cgui|Kwal|Scas	884	82	104
Dhan|Kwal|Scas	884	82	104
Kwal|Psti|Scas	884	104	82
Cpar|Kwal|Scas	884	82	104
Kwal|Lelo|Scas	884	104	82
Ctro|Kwal|Scas	884	82	104
Calb|Kwal|Scas	884	82	104
Cdub|Kwal|Scas	884	82	104
Kwal|Sbay|Skud	546	123	401
Kwal|Sbay|Spar	865	46	159
Kwal|Sbay|Scer	988	5	77
Kwal|Sbay|Smik	708	123	239
Clus|Kwal|Sbay	1012	21	37
Cgui|Kwal|Sbay	1012	21	37
Dhan|Kwal|Sbay	1012	21	37
Kwal|Psti|Sbay	1012	37	21
Cpar|Kwal|Sbay	1012	21	37
Kwal|Lelo|Sbay	1012	37	21
Ctro|Kwal|Sbay	1012	21	37
Calb|Kwal|Sbay	1012	21	37
Cdub|Kwal|Sbay	1012	21	37
Kwal|Skud|Spar	835	59	176
Kwal|Scer|Skud	140	847	83
Kwal|Skud|Smik	632	162	276
Clus|Kwal|Skud	1013	20	37
Cgui|Kwal|Skud	1013	20	37
Dhan|Kwal|Skud	1013	20	37
Kwal|Psti|Skud	1013	37	20
Cpar|Kwal|Skud	1013	20	37
Kwal|Lelo|Skud	1013	37	20
Ctro|Kwal|Skud	1013	20	37
Calb|Kwal|Skud	1013	20	37
Cdub|Kwal|Skud	1013	20	37
Kwal|Scer|Spar	880	97	93
Kwal|Smik|Spar	794	73	203
Clus|Kwal|Spar	1013	20	37
Cgui|Kwal|Spar	1013	20	37
Dhan|Kwal|Spar	1013	20	37
Kwal|Psti|Spar	1013	37	20
Cpar|Kwal|Spar	1013	20	37
Kwal|Lelo|Spar	1013	37	20
Ctro|Kwal|Spar	1013	20	37
Calb|Kwal|Spar	1013	20	37
Cdub|Kwal|Spar	1013	20	37
Kwal|Scer|Smik	190	794	86
Clus|Kwal|Scer	1015	18	37
Cgui|Kwal|Scer	1015	18	37
Dhan|Kwal|Scer	1015	18	37
Kwal|Psti|Scer	1015	37	18
Cpar|Kwal|Scer	1015	18	37
Kwal|Lelo|Scer	1015	37	18
Ctro|Kwal|Scer	1015	18	37
Calb|Kwal|Scer	1015	18	37
Cdub|Kwal|Scer	1015	18	37
Clus|Kwal|Smik	1012	21	37
Cgui|Kwal|Smik	1012	21	37
Dhan|Kwal|Smik	1012	21	37
Kwal|Psti|Smik	1012	37	21
Cpar|Kwal|Smik	1012	21	37
Kwal|Lelo|Smik	1012	37	21
Ctro|Kwal|Smik	1012	21	37
Calb|Kwal|Smik	1012	21	37
Cdub|Kwal|Smik	1012	21	37
Cgui|Clus|Kwal	1050	12	8
Clus|Dhan|Kwal	1049	14	7
Clus|Kwal|Psti	20	1044	6
Clus|Cpar|Kwal	1040	22	8
Clus|Kwal|Lelo	23	1039	8
Clus|Ctro|Kwal	1040	23	7
Calb|Clus|Kwal	1040	7	23
Cdub|Clus|Kwal	1040	7	23
Cgui|Dhan|Kwal	1055	12	3
Cgui|Kwal|Psti	23	1043	4
Cgui|Cpar|Kwal	1040	24	6
Cgui|Kwal|Lelo	25	1039	6
Cgui|Ctro|Kwal	1040	24	6
Calb|Cgui|Kwal	1040	6	24
Cdub|Cgui|Kwal	1040	6	24
Dhan|Kwal|Psti	18	1047	5
Cpar|Dhan|Kwal	1042	9	19
Dhan|Kwal|Lelo	20	1041	9
Ctro|Dhan|Kwal	1042	9	19
Calb|Dhan|Kwal	1042	9	19
Cdub|Dhan|Kwal	1042	9	19
Cpar|Kwal|Psti	10	1042	18
Kwal|Lelo|Psti	9	18	1043
Ctro|Kwal|Psti	9	1043	18
Calb|Kwal|Psti	9	1043	18
Cdub|Kwal|Psti	9	1043	18
Cpar|Kwal|Lelo	13	1057	0
Cpar|Ctro|Kwal	1052	7	11
Calb|Cpar|Kwal	1052	11	7
Cdub|Cpar|Kwal	1052	11	7
Ctro|Kwal|Lelo	11	1052	7
Calb|Kwal|Lelo	11	1052	7
Cdub|Kwal|Lelo	12	1051	7
Calb|Ctro|Kwal	1066	2	2
Cdub|Ctro|Kwal	1066	2	2
Calb|Cdub|Kwal	1070	0	0
Kpol|Kthe|Zrou	309	328	433
Cgla|Kthe|Zrou	241	218	611
Kthe|Scas|Zrou	170	694	206
Kthe|Sbay|Zrou	15	1004	51
Kthe|Skud|Zrou	15	1004	51
Kthe|Spar|Zrou	15	1005	50
Kthe|Scer|Zrou	13	1008	49
Kthe|Smik|Zrou	16	1004	50
Clus|Kthe|Zrou	782	123	165
Cgui|Kthe|Zrou	782	123	165
Dhan|Kthe|Zrou	782	123	165
Kthe|Psti|Zrou	782	165	123
Cpar|Kthe|Zrou	782	123	165
Kthe|Lelo|Zrou	782	165	123
Ctro|Kthe|Zrou	782	123	165
Calb|Kthe|Zrou	782	123	165
Cdub|Kthe|Zrou	782	123	165
Cgla|Kpol|Kthe	303	250	517
Kpol|Kthe|Scas	618	263	189
Kpol|Kthe|Sbay	1003	53	14
Kpol|Kthe|Skud	1003	53	14
Kpol|Kthe|Spar	1003	53	14
Kpol|Kthe|Scer	1006	52	12
Kpol|Kthe|Smik	1003	53	14
Clus|Kpol|Kthe	122	808	140
Cgui|Kpol|Kthe	122	808	140
Dhan|Kpol|Kthe	122	808	140
Kpol|Kthe|Psti	141	121	808
Cpar|Kpol|Kthe	122	808	140
Kpol|Kthe|Lelo	141	121	808
Ctro|Kpol|Kthe	122	808	140
Calb|Kpol|Kthe	122	808	140
Cdub|Kpol|Kthe	122	808	140
Cgla|Kthe|Scas	444	326	300
Cgla|Kthe|Sbay	998	62	10
Cgla|Kthe|Skud	998	62	10
Cgla|Kthe|Spar	998	62	10
Cgla|Kthe|Scer	1002	62	6
Cgla|Kthe|Smik	998	62	10
Cgla|Clus|Kthe	121	120	829
Cgla|Cgui|Kthe	121	120	829
Cgla|Dhan|Kthe	121	120	829
Cgla|Kthe|Psti	120	121	829
Cgla|Cpar|Kthe	121	120	829
Cgla|Kthe|Lelo	120	121	829
Cgla|Ctro|Kthe	121	120	829
Calb|Cgla|Kthe	121	829	120
Cdub|Cgla|Kthe	121	829	120
Kthe|Sbay|Scas	13	991	66
Kthe|Scas|Skud	994	11	65
Kthe|Scas|Spar	995	10	65
Kthe|Scas|Scer	1000	8	62
Kthe|Scas|Smik	995	10	65
Clus|Kthe|Scas	884	81	105
Cgui|Kthe|Scas	884	81	105
Dhan|Kthe|Scas	884	81	105
Kthe|Psti|Scas	884	105	81
Cpar|Kthe|Scas	884	81	105
Kthe|Lelo|Scas	884	105	81
Ctro|Kthe|Scas	884	81	105
Calb|Kthe|Scas	884	81	105
Cdub|Kthe|Scas	884	81	105
Kthe|Sbay|Skud	546	123	401
Kthe|Sbay|Spar	865	46	159
Kthe|Sbay|Scer	988	5	77
Kthe|Sbay|Smik	708	123	239
Clus|Kthe|Sbay	1012	21	37
Cgui|Kthe|Sbay	1012	21	37
Dhan|Kthe|Sbay	1012	21	37
Kthe|Psti|Sbay	1012	37	21
Cpar|Kthe|Sbay	1012	21	37
Kthe|Lelo|Sbay	1012	37	21
Ctro|Kthe|Sbay	1012	21	37
Calb|Kthe|Sbay	1012	21	37
Cdub|Kthe|Sbay	1012	21	37
Kthe|Skud|Spar	835	59	176
Kthe|Scer|Skud	140	847	83
Kthe|Skud|Smik	632	162	276
Clus|Kthe|Skud	1013	20	37
Cgui|Kthe|Skud	1013	20	37
Dhan|Kthe|Skud	1013	20	37
Kthe|Psti|Skud	1013	37	20
Cpar|Kthe|Skud	1013	20	37
Kthe|Lelo|Skud	1013	37	20
Ctro|Kthe|Skud	1013	20	37
Calb|Kthe|Skud	1013	20	37
Cdub|Kthe|Skud	1013	20	37
Kthe|Scer|Spar	880	97	93
Kthe|Smik|Spar	794	73	203
Clus|Kthe|Spar	1013	20	37
Cgui|Kthe|Spar	1013	20	37
Dhan|Kthe|Spar	1013	20	37
Kthe|Psti|Spar	1013	37	20
Cpar|Kthe|Spar	1013	20	37
Kthe|Lelo|Spar	1013	37	20
Ctro|Kthe|Spar	1013	20	37
Calb|Kthe|Spar	1013	20	37
Cdub|Kthe|Spar	1013	20	37
Kthe|Scer|Smik	190	794	86
Clus|Kthe|Scer	1015	18	37
Cgui|Kthe|Scer	1015	18	37
Dhan|Kthe|Scer	1015	18	37
Kthe|Psti|Scer	1015	37	18
Cpar|Kthe|Scer	1015	18	37
Kthe|Lelo|Scer	1015	37	18
Ctro|Kthe|Scer	1015	18	37
Calb|Kthe|Scer	1015	18	37
Cdub|Kthe|Scer	1015	18	37
Clus|Kthe|Smik	1012	21	37
Cgui|Kthe|Smik	1012	21	37
Dhan|Kthe|Smik	1012	21	37
Kthe|Psti|Smik	1012	37	21
Cpar|Kthe|Smik	1012	21	37
Kthe|Lelo|Smik	1012	37	21
Ctro|Kthe|Smik	1012	21	37
Calb|Kthe|Smik	1012	21	37
Cdub|Kthe|Smik	1012	21	37
Cgui|Clus|Kthe	1049	12	9
Clus|Dhan|Kthe	1048	15	7
Clus|Kthe|Psti	21	1043	6
Clus|Cpar|Kthe	1039	23	8
Clus|Kthe|Lelo	24	1038	8
Clus|Ctro|Kthe	1039	24	7
Calb|Clus|Kthe	1039	7	24
Cdub|Clus|Kthe	1039	7	24
Cgui|Dhan|Kthe	1054	13	3
Cgui|Kthe|Psti	24	1042	4
Cgui|Cpar|Kthe	1039	25	6
Cgui|Kthe|Lelo	26	1038	6
Cgui|Ctro|Kthe	1039	25	6
Calb|Cgui|Kthe	1039	6	25
Cdub|Cgui|Kthe	1039	6	25
Dhan|Kthe|Psti	19	1046	5
Cpar|Dhan|Kthe	1041	9	20
Dhan|Kthe|Lelo	21	1040	9
Ctro|Dhan|Kthe	1041	9	20
Calb|Dhan|Kthe	1041	9	20
Cdub|Dhan|Kthe	1041	9	20
Cpar|Kthe|Psti	10	1041	19
Kthe|Lelo|Psti	9	19	1042
Ctro|Kthe|Psti	9	1042	19
Calb|Kthe|Psti	9	1042	19
Cdub|Kthe|Psti	9	1042	19
Cpar|Kthe|Lelo	14	1056	0
Cpar|Ctro|Kthe	1051	7	12
Calb|Cpar|Kthe	1051	12	7
Cdub|Cpar|Kthe	1051	12	7
Ctro|Kthe|Lelo	12	1051	7
Calb|Kthe|Lelo	12	1051	7
Cdub|Kthe|Lelo	13	1050	7
Calb|Ctro|Kthe	1066	2	2
Cdub|Ctro|Kthe	1066	2	2
Calb|Cdub|Kthe	1070	0	0
Cgla|Kpol|Zrou	290	248	532
Kpol|Scas|Zrou	259	604	207
Kpol|Sbay|Zrou	38	1011	21
Kpol|Skud|Zrou	38	1011	21
Kpol|Spar|Zrou	38	1012	20
Kpol|Scer|Zrou	38	1014	18
Kpol|Smik|Zrou	39	1011	20
Clus|Kpol|Zrou	320	404	346
Cgui|Kpol|Zrou	320	404	346
Dhan|Kpol|Zrou	320	404	346
Kpol|Psti|Zrou	320	346	404
Cpar|Kpol|Zrou	320	404	346
Kpol|Lelo|Zrou	320	346	404
Ctro|Kpol|Zrou	320	404	346
Calb|Kpol|Zrou	320	404	346
Cdub|Kpol|Zrou	320	404	346
Cgla|Scas|Zrou	328	424	318
Cgla|Sbay|Zrou	48	1003	19
Cgla|Skud|Zrou	48	1003	19
Cgla|Spar|Zrou	48	1004	18
Cgla|Scer|Zrou	50	1005	15
Cgla|Smik|Zrou	49	1003	18
Cgla|Clus|Zrou	251	241	578
Cgla|Cgui|Zrou	251	241	578
Cgla|Dhan|Zrou	251	241	578
Cgla|Psti|Zrou	251	241	578
Cgla|Cpar|Zrou	251	241	578
Cgla|Lelo|Zrou	251	241	578
Cgla|Ctro|Zrou	251	241	578
Calb|Cgla|Zrou	251	578	241
Cdub|Cgla|Zrou	251	578	241
Sbay|Scas|Zrou	61	18	991
Scas|Skud|Zrou	60	991	19
Scas|Spar|Zrou	60	993	17
Scas|Scer|Zrou	59	997	14
Scas|Smik|Zrou	61	992	17
Clus|Scas|Zrou	182	654	234
Cgui|Scas|Zrou	182	654	234
Dhan|Scas|Zrou	182	654	234
Psti|Scas|Zrou	182	654	234
Cpar|Scas|Zrou	182	654	234
Lelo|Scas|Zrou	182	654	234
Ctro|Scas|Zrou	182	654	234
Calb|Scas|Zrou	182	654	234
Cdub|Scas|Zrou	182	654	234
Sbay|Skud|Zrou	408	539	123
Sbay|Spar|Zrou	166	858	46
Sbay|Scer|Zrou	195	870	5
Sbay|Smik|Zrou	247	701	122
Clus|Sbay|Zrou	12	1004	54
Cgui|Sbay|Zrou	12	1004	54
Dhan|Sbay|Zrou	12	1004	54
Psti|Sbay|Zrou	12	1004	54
Cpar|Sbay|Zrou	12	1004	54
Lelo|Sbay|Zrou	12	1004	54
Ctro|Sbay|Zrou	12	1004	54
Calb|Sbay|Zrou	12	1004	54
Cdub|Sbay|Zrou	12	1004	54
Skud|Spar|Zrou	178	833	59
Scer|Skud|Zrou	218	6	846
Skud|Smik|Zrou	280	629	161
Clus|Skud|Zrou	11	1005	54
Cgui|Skud|Zrou	11	1005	54
Dhan|Skud|Zrou	11	1005	54
Psti|Skud|Zrou	11	1005	54
Cpar|Skud|Zrou	11	1005	54
Lelo|Skud|Zrou	11	1005	54
Ctro|Skud|Zrou	11	1005	54
Calb|Skud|Zrou	11	1005	54
Cdub|Skud|Zrou	11	1005	54
Scer|Spar|Zrou	971	3	96
Smik|Spar|Zrou	212	785	73
Clus|Spar|Zrou	11	1006	53
Cgui|Spar|Zrou	11	1006	53
Dhan|Spar|Zrou	11	1006	53
Psti|Spar|Zrou	11	1006	53
Cpar|Spar|Zrou	11	1006	53
Lelo|Spar|Zrou	11	1006	53
Ctro|Spar|Zrou	11	1006	53
Calb|Spar|Zrou	11	1006	53
Cdub|Spar|Zrou	11	1006	53
Scer|Smik|Zrou	273	4	793
Clus|Scer|Zrou	8	1009	53
Cgui|Scer|Zrou	8	1009	53
Dhan|Scer|Zrou	8	1009	53
Psti|Scer|Zrou	8	1009	53
Cpar|Scer|Zrou	8	1009	53
Lelo|Scer|Zrou	8	1009	53
Ctro|Scer|Zrou	8	1009	53
Calb|Scer|Zrou	8	1009	53
Cdub|Scer|Zrou	8	1009	53
Clus|Smik|Zrou	13	1004	53
Cgui|Smik|Zrou	13	1004	53
Dhan|Smik|Zrou	13	1004	53
Psti|Smik|Zrou	13	1004	53
Cpar|Smik|Zrou	13	1004	53
Lelo|Smik|Zrou	13	1004	53
Ctro|Smik|Zrou	13	1004	53
Calb|Smik|Zrou	13	1004	53
Cdub|Smik|Zrou	13	1004	53
Cgui|Clus|Zrou	1050	12	8
Clus|Dhan|Zrou	1049	14	7
Clus|Psti|Zrou	1046	18	6
Clus|Cpar|Zrou	1040	22	8
Clus|Lelo|Zrou	1040	22	8
Clus|Ctro|Zrou	1040	23	7
Calb|Clus|Zrou	1040	7	23
Cdub|Clus|Zrou	1040	7	23
Cgui|Dhan|Zrou	1055	12	3
Cgui|Psti|Zrou	1047	19	4
Cgui|Cpar|Zrou	1040	24	6
Cgui|Lelo|Zrou	1040	24	6
Cgui|Ctro|Zrou	1040	24	6
Calb|Cgui|Zrou	1040	6	24
Cdub|Cgui|Zrou	1040	6	24
Dhan|Psti|Zrou	1052	13	5
Cpar|Dhan|Zrou	1042	9	19
Dhan|Lelo|Zrou	1042	19	9
Ctro|Dhan|Zrou	1042	9	19
Calb|Dhan|Zrou	1042	9	19
Cdub|Dhan|Zrou	1042	9	19
Cpar|Psti|Zrou	1045	7	18
Lelo|Psti|Zrou	1045	7	18
Ctro|Psti|Zrou	1045	7	18
Calb|Psti|Zrou	1045	7	18
Cdub|Psti|Zrou	1045	7	18
Cpar|Lelo|Zrou	1069	1	0
Cpar|Ctro|Zrou	1052	7	11
Calb|Cpar|Zrou	1052	11	7
Cdub|Cpar|Zrou	1052	11	7
Ctro|Lelo|Zrou	1052	11	7
Calb|Lelo|Zrou	1052	11	7
Cdub|Lelo|Zrou	1052	11	7
Calb|Ctro|Zrou	1066	2	2
Cdub|Ctro|Zrou	1066	2	2
Calb|Cdub|Zrou	1070	0	0
Cgla|Kpol|Scas	455	290	325
Cgla|Kpol|Sbay	1017	31	22
Cgla|Kpol|Skud	1017	31	22
Cgla|Kpol|Spar	1017	31	22
Cgla|Kpol|Scer	1021	30	19
Cgla|Kpol|Smik	1017	31	22
Cgla|Clus|Kpol	266	301	503
Cgla|Cgui|Kpol	266	301	503
Cgla|Dhan|Kpol	266	301	503
Cgla|Kpol|Psti	308	259	503
Cgla|Cpar|Kpol	266	301	503
Cgla|Kpol|Lelo	308	259	503
Cgla|Ctro|Kpol	266	301	503
Calb|Cgla|Kpol	266	503	301
Cdub|Cgla|Kpol	266	503	301
Kpol|Sbay|Scas	18	1001	51
Kpol|Scas|Skud	1005	15	50
Kpol|Scas|Spar	1006	14	50
Kpol|Scas|Scer	1011	13	46
Kpol|Scas|Smik	1006	14	50
Clus|Kpol|Scas	605	189	276
Cgui|Kpol|Scas	605	189	276
Dhan|Kpol|Scas	605	189	276
Kpol|Psti|Scas	605	276	189
Cpar|Kpol|Scas	605	189	276
Kpol|Lelo|Scas	605	276	189
Ctro|Kpol|Scas	605	189	276
Calb|Kpol|Scas	605	189	276
Cdub|Kpol|Scas	605	189	276
Kpol|Sbay|Skud	546	123	401
Kpol|Sbay|Spar	865	46	159
Kpol|Sbay|Scer	988	5	77
Kpol|Sbay|Smik	708	123	239
Clus|Kpol|Sbay	1007	8	55
Cgui|Kpol|Sbay	1007	8	55
Dhan|Kpol|Sbay	1007	8	55
Kpol|Psti|Sbay	1007	55	8
Cpar|Kpol|Sbay	1007	8	55
Kpol|Lelo|Sbay	1007	55	8
Ctro|Kpol|Sbay	1007	8	55
Calb|Kpol|Sbay	1007	8	55
Cdub|Kpol|Sbay	1007	8	55
Kpol|Skud|Spar	835	59	176
Kpol|Scer|Skud	141	846	83
Kpol|Skud|Smik	632	162	276
Clus|Kpol|Skud	1008	7	55
Cgui|Kpol|Skud	1008	7	55
Dhan|Kpol|Skud	1008	7	55
Kpol|Psti|Skud	1008	55	7
Cpar|Kpol|Skud	1008	7	55
Kpol|Lelo|Skud	1008	55	7
Ctro|Kpol|Skud	1008	7	55
Calb|Kpol|Skud	1008	7	55
Cdub|Kpol|Skud	1008	7	55
Kpol|Scer|Spar	881	96	93
Kpol|Smik|Spar	794	73	203
Clus|Kpol|Spar	1008	7	55
Cgui|Kpol|Spar	1008	7	55
Dhan|Kpol|Spar	1008	7	55
Kpol|Psti|Spar	1008	55	7
Cpar|Kpol|Spar	1008	7	55
Kpol|Lelo|Spar	1008	55	7
Ctro|Kpol|Spar	1008	7	55
Calb|Kpol|Spar	1008	7	55
Cdub|Kpol|Spar	1008	7	55
Kpol|Scer|Smik	191	793	86
Clus|Kpol|Scer	1010	5	55
Cgui|Kpol|Scer	1010	5	55
Dhan|Kpol|Scer	1010	5	55
Kpol|Psti|Scer	1010	55	5
Cpar|Kpol|Scer	1010	5	55
Kpol|Lelo|Scer	1010	55	5
Ctro|Kpol|Scer	1010	5	55
Calb|Kpol|Scer	1010	5	55
Cdub|Kpol|Scer	1010	5	55
Clus|Kpol|Smik	1007	8	55
Cgui|Kpol|Smik	1007	8	55
Dhan|Kpol|Smik	1007	8	55
Kpol|Psti|Smik	1007	55	8
Cpar|Kpol|Smik	1007	8	55
Kpol|Lelo|Smik	1007	55	8
Ctro|Kpol|Smik	1007	8	55
Calb|Kpol|Smik	1007	8	55
Cdub|Kpol|Smik	1007	8	55
Cgui|Clus|Kpol	1050	12	8
Clus|Dhan|Kpol	1049	14	7
Clus|Kpol|Psti	20	1044	6
Clus|Cpar|Kpol	1040	22	8
Clus|Kpol|Lelo	23	1039	8
Clus|Ctro|Kpol	1040	23	7
Calb|Clus|Kpol	1040	7	23
Cdub|Clus|Kpol	1040	7	23
Cgui|Dhan|Kpol	1055	12	3
Cgui|Kpol|Psti	23	1043	4
Cgui|Cpar|Kpol	1040	24	6
Cgui|Kpol|Lelo	25	1039	6
Cgui|Ctro|Kpol	1040	24	6
Calb|Cgui|Kpol	1040	6	24
Cdub|Cgui|Kpol	1040	6	24
Dhan|Kpol|Psti	18	1047	5
Cpar|Dhan|Kpol	1042	9	19
Dhan|Kpol|Lelo	20	1041	9
Ctro|Dhan|Kpol	1042	9	19
Calb|Dhan|Kpol	1042	9	19
Cdub|Dhan|Kpol	1042	9	19
Cpar|Kpol|Psti	10	1042	18
Kpol|Lelo|Psti	9	18	1043
Ctro|Kpol|Psti	9	1043	18
Calb|Kpol|Psti	9	1043	18
Cdub|Kpol|Psti	9	1043	18
Cpar|Kpol|Lelo	13	1057	0
Cpar|Ctro|Kpol	1052	7	11
Calb|Cpar|Kpol	1052	11	7
Cdub|Cpar|Kpol	1052	11	7
Ctro|Kpol|Lelo	11	1052	7
Calb|Kpol|Lelo	11	1052	7
Cdub|Kpol|Lelo	12	1051	7
Calb|Ctro|Kpol	1066	2	2
Cdub|Ctro|Kpol	1066	2	2
Calb|Cdub|Kpol	1070	0	0
Cgla|Sbay|Scas	23	1004	43
Cgla|Scas|Skud	1009	19	42
Cgla|Scas|Spar	1010	18	42
Cgla|Scas|Scer	1015	17	38
Cgla|Scas|Smik	1010	18	42
Cgla|Clus|Scas	438	331	301
Cgla|Cgui|Scas	438	331	301
Cgla|Dhan|Scas	438	331	301
Cgla|Psti|Scas	438	331	301
Cgla|Cpar|Scas	438	331	301
Cgla|Lelo|Scas	438	331	301
Cgla|Ctro|Scas	438	331	301
Calb|Cgla|Scas	438	301	331
Cdub|Cgla|Scas	438	301	331
Cgla|Sbay|Skud	546	123	401
Cgla|Sbay|Spar	865	46	159
Cgla|Sbay|Scer	988	5	77
Cgla|Sbay|Smik	708	123	239
Cgla|Clus|Sbay	999	62	9
Cgla|Cgui|Sbay	999	62	9
Cgla|Dhan|Sbay	999	62	9
Cgla|Psti|Sbay	999	62	9
Cgla|Cpar|Sbay	999	62	9
Cgla|Lelo|Sbay	999	62	9
Cgla|Ctro|Sbay	999	62	9
Calb|Cgla|Sbay	999	9	62
Cdub|Cgla|Sbay	999	9	62
Cgla|Skud|Spar	835	59	176
Cgla|Scer|Skud	143	844	83
Cgla|Skud|Smik	632	162	276
Cgla|Clus|Skud	1000	62	8
Cgla|Cgui|Skud	1000	62	8
Cgla|Dhan|Skud	1000	62	8
Cgla|Psti|Skud	1000	62	8
Cgla|Cpar|Skud	1000	62	8
Cgla|Lelo|Skud	1000	62	8
Cgla|Ctro|Skud	1000	62	8
Calb|Cgla|Skud	1000	8	62
Cdub|Cgla|Skud	1000	8	62
Cgla|Scer|Spar	883	94	93
Cgla|Smik|Spar	794	73	203
Cgla|Clus|Spar	1000	62	8
Cgla|Cgui|Spar	1000	62	8
Cgla|Dhan|Spar	1000	62	8
Cgla|Psti|Spar	1000	62	8
Cgla|Cpar|Spar	1000	62	8
Cgla|Lelo|Spar	1000	62	8
Cgla|Ctro|Spar	1000	62	8
Calb|Cgla|Spar	1000	8	62
Cdub|Cgla|Spar	1000	8	62
Cgla|Scer|Smik	193	791	86
Cgla|Clus|Scer	1004	62	4
Cgla|Cgui|Scer	1004	62	4
Cgla|Dhan|Scer	1004	62	4
Cgla|Psti|Scer	1004	62	4
Cgla|Cpar|Scer	1004	62	4
Cgla|Lelo|Scer	1004	62	4
Cgla|Ctro|Scer	1004	62	4
Calb|Cgla|Scer	1004	4	62
Cdub|Cgla|Scer	1004	4	62
Cgla|Clus|Smik	999	62	9
Cgla|Cgui|Smik	999	62	9
Cgla|Dhan|Smik	999	62	9
Cgla|Psti|Smik	999	62	9
Cgla|Cpar|Smik	999	62	9
Cgla|Lelo|Smik	999	62	9
Cgla|Ctro|Smik	999	62	9
Calb|Cgla|Smik	999	9	62
Cdub|Cgla|Smik	999	9	62
Cgla|Cgui|Clus	14	9	1047
Cgla|Clus|Dhan	19	8	1043
Cgla|Clus|Psti	20	7	1043
Cgla|Clus|Cpar	24	9	1037
Cgla|Clus|Lelo	23	9	1038
Cgla|Clus|Ctro	24	8	1038
Calb|Cgla|Clus	9	1038	23
Cdub|Cgla|Clus	9	1038	23
Cgla|Cgui|Dhan	15	4	1051
Cgla|Cgui|Psti	23	5	1042
Cgla|Cgui|Cpar	26	7	1037
Cgla|Cgui|Lelo	25	7	1038
Cgla|Cgui|Ctro	25	7	1038
Calb|Cgla|Cgui	8	1038	24
Cdub|Cgla|Cgui	8	1038	24
Cgla|Dhan|Psti	18	6	1046
Cgla|Cpar|Dhan	12	19	1039
Cgla|Dhan|Lelo	20	10	1040
Cgla|Ctro|Dhan	11	19	1040
Calb|Cgla|Dhan	11	1040	19
Cdub|Cgla|Dhan	11	1040	19
Cgla|Cpar|Psti	11	18	1041
Cgla|Lelo|Psti	10	18	1042
Cgla|Ctro|Psti	10	18	1042
Calb|Cgla|Psti	10	1042	18
Cdub|Cgla|Psti	10	1042	18
Cgla|Cpar|Lelo	13	0	1057
Cgla|Cpar|Ctro	8	11	1051
Calb|Cgla|Cpar	12	1051	7
Cdub|Cgla|Cpar	13	1050	7
Cgla|Ctro|Lelo	11	7	1052
Calb|Cgla|Lelo	11	1052	7
Cdub|Cgla|Lelo	12	1051	7
Calb|Cgla|Ctro	7	1061	2
Cdub|Cgla|Ctro	8	1060	2
Calb|Cdub|Cgla	1070	0	0
Sbay|Scas|Skud	547	401	122
Sbay|Scas|Spar	865	159	46
Sbay|Scas|Scer	988	77	5
Sbay|Scas|Smik	708	239	123
Clus|Sbay|Scas	12	991	67
Cgui|Sbay|Scas	12	991	67
Dhan|Sbay|Scas	12	991	67
Psti|Sbay|Scas	12	991	67
Cpar|Sbay|Scas	12	991	67
Lelo|Sbay|Scas	12	991	67
Ctro|Sbay|Scas	12	991	67
Calb|Sbay|Scas	12	991	67
Cdub|Sbay|Scas	12	991	67
Scas|Skud|Spar	835	59	176
Scas|Scer|Skud	139	848	83
Scas|Skud|Smik	632	162	276
Clus|Scas|Skud	996	8	66
Cgui|Scas|Skud	996	8	66
Dhan|Scas|Skud	996	8	66
Psti|Scas|Skud	996	8	66
Cpar|Scas|Skud	996	8	66
Lelo|Scas|Skud	996	8	66
Ctro|Scas|Skud	996	8	66
Calb|Scas|Skud	996	8	66
Cdub|Scas|Skud	996	8	66
Scas|Scer|Spar	879	98	93
Scas|Smik|Spar	794	73	203
Clus|Scas|Spar	997	7	66
Cgui|Scas|Spar	997	7	66
Dhan|Scas|Spar	997	7	66
Psti|Scas|Spar	997	7	66
Cpar|Scas|Spar	997	7	66
Lelo|Scas|Spar	997	7	66
Ctro|Scas|Spar	997	7	66
Calb|Scas|Spar	997	7	66
Cdub|Scas|Spar	997	7	66
Scas|Scer|Smik	189	795	86
Clus|Scas|Scer	1002	4	64
Cgui|Scas|Scer	1002	4	64
Dhan|Scas|Scer	1002	4	64
Psti|Scas|Scer	1002	4	64
Cpar|Scas|Scer	1002	4	64
Lelo|Scas|Scer	1002	4	64
Ctro|Scas|Scer	1002	4	64
Calb|Scas|Scer	1002	4	64
Cdub|Scas|Scer	1002	4	64
Clus|Scas|Smik	996	8	66
Cgui|Scas|Smik	996	8	66
Dhan|Scas|Smik	996	8	66
Psti|Scas|Smik	996	8	66
Cpar|Scas|Smik	996	8	66
Lelo|Scas|Smik	996	8	66
Ctro|Scas|Smik	996	8	66
Calb|Scas|Smik	996	8	66
Cdub|Scas|Smik	996	8	66
Cgui|Clus|Scas	1050	12	8
Clus|Dhan|Scas	1049	14	7
Clus|Psti|Scas	1046	18	6
Clus|Cpar|Scas	1040	22	8
Clus|Lelo|Scas	1040	22	8
Clus|Ctro|Scas	1040	23	7
Calb|Clus|Scas	1040	7	23
Cdub|Clus|Scas	1040	7	23
Cgui|Dhan|Scas	1055	12	3
Cgui|Psti|Scas	1047	19	4
Cgui|Cpar|Scas	1040	24	6
Cgui|Lelo|Scas	1040	24	6
Cgui|Ctro|Scas	1040	24	6
Calb|Cgui|Scas	1040	6	24
Cdub|Cgui|Scas	1040	6	24
Dhan|Psti|Scas	1052	13	5
Cpar|Dhan|Scas	1042	9	19
Dhan|Lelo|Scas	1042	19	9
Ctro|Dhan|Scas	1042	9	19
Calb|Dhan|Scas	1042	9	19
Cdub|Dhan|Scas	1042	9	19
Cpar|Psti|Scas	1045	7	18
Lelo|Psti|Scas	1045	7	18
Ctro|Psti|Scas	1045	7	18
Calb|Psti|Scas	1045	7	18
Cdub|Psti|Scas	1045	7	18
Cpar|Lelo|Scas	1069	1	0
Cpar|Ctro|Scas	1052	7	11
Calb|Cpar|Scas	1052	11	7
Cdub|Cpar|Scas	1052	11	7
Ctro|Lelo|Scas	1052	11	7
Calb|Lelo|Scas	1052	11	7
Cdub|Lelo|Scas	1052	11	7
Calb|Ctro|Scas	1066	2	2
Cdub|Ctro|Scas	1066	2	2
Calb|Cdub|Scas	1070	0	0
Sbay|Skud|Spar	967	32	71
Sbay|Scer|Skud	41	981	48
Sbay|Skud|Smik	849	95	126
Clus|Sbay|Skud	546	123	401
Cgui|Sbay|Skud	546	123	401
Dhan|Sbay|Skud	546	123	401
Psti|Sbay|Skud	546	123	401
Cpar|Sbay|Skud	546	123	401
Lelo|Sbay|Skud	546	123	401
Ctro|Sbay|Skud	546	123	401
Calb|Sbay|Skud	546	123	401
Cdub|Sbay|Skud	546	123	401
Sbay|Scer|Spar	846	145	79
Sbay|Smik|Spar	883	62	125
Clus|Sbay|Spar	865	46	159
Cgui|Sbay|Spar	865	46	159
Dhan|Sbay|Spar	865	46	159
Psti|Sbay|Spar	865	46	159
Cpar|Sbay|Spar	865	46	159
Lelo|Sbay|Spar	865	46	159
Ctro|Sbay|Spar	865	46	159
Calb|Sbay|Spar	865	46	159
Cdub|Sbay|Spar	865	46	159
Sbay|Scer|Smik	115	895	60
Clus|Sbay|Scer	988	5	77
Cgui|Sbay|Scer	988	5	77
Dhan|Sbay|Scer	988	5	77
Psti|Sbay|Scer	988	5	77
Cpar|Sbay|Scer	988	5	77
Lelo|Sbay|Scer	988	5	77
Ctro|Sbay|Scer	988	5	77
Calb|Sbay|Scer	988	5	77
Cdub|Sbay|Scer	988	5	77
Clus|Sbay|Smik	708	123	239
Cgui|Sbay|Smik	708	123	239
Dhan|Sbay|Smik	708	123	239
Psti|Sbay|Smik	708	123	239
Cpar|Sbay|Smik	708	123	239
Lelo|Sbay|Smik	708	123	239
Ctro|Sbay|Smik	708	123	239
Calb|Sbay|Smik	708	123	239
Cdub|Sbay|Smik	708	123	239
Cgui|Clus|Sbay	1050	12	8
Clus|Dhan|Sbay	1049	14	7
Clus|Psti|Sbay	1045	18	7
Clus|Cpar|Sbay	1040	22	8
Clus|Lelo|Sbay	1040	22	8
Clus|Ctro|Sbay	1040	23	7
Calb|Clus|Sbay	1040	7	23
Cdub|Clus|Sbay	1040	7	23
Cgui|Dhan|Sbay	1055	12	3
Cgui|Psti|Sbay	1046	19	5
Cgui|Cpar|Sbay	1040	24	6
Cgui|Lelo|Sbay	1040	24	6
Cgui|Ctro|Sbay	1040	24	6
Calb|Cgui|Sbay	1040	6	24
Cdub|Cgui|Sbay	1040	6	24
Dhan|Psti|Sbay	1051	13	6
Cpar|Dhan|Sbay	1042	9	19
Dhan|Lelo|Sbay	1042	19	9
Ctro|Dhan|Sbay	1042	9	19
Calb|Dhan|Sbay	1042	9	19
Cdub|Dhan|Sbay	1042	9	19
Cpar|Psti|Sbay	1044	7	19
Lelo|Psti|Sbay	1044	7	19
Ctro|Psti|Sbay	1044	7	19
Calb|Psti|Sbay	1044	7	19
Cdub|Psti|Sbay	1044	7	19
Cpar|Lelo|Sbay	1069	1	0
Cpar|Ctro|Sbay	1052	7	11
Calb|Cpar|Sbay	1052	11	7
Cdub|Cpar|Sbay	1052	11	7
Ctro|Lelo|Sbay	1052	11	7
Calb|Lelo|Sbay	1052	11	7
Cdub|Lelo|Sbay	1052	11	7
Calb|Ctro|Sbay	1066	2	2
Cdub|Ctro|Sbay	1066	2	2
Calb|Cdub|Sbay	1070	0	0
Scer|Skud|Spar	848	77	145
Skud|Smik|Spar	892	68	110
Clus|Skud|Spar	835	59	176
Cgui|Skud|Spar	835	59	176
Dhan|Skud|Spar	835	59	176
Psti|Skud|Spar	835	59	176
Cpar|Skud|Spar	835	59	176
Lelo|Skud|Spar	835	59	176
Ctro|Skud|Spar	835	59	176
Calb|Skud|Spar	835	59	176
Cdub|Skud|Spar	835	59	176
Scer|Skud|Smik	122	47	901
Clus|Scer|Skud	140	847	83
Cgui|Scer|Skud	140	847	83
Dhan|Scer|Skud	140	847	83
Psti|Scer|Skud	140	847	83
Cpar|Scer|Skud	140	847	83
Lelo|Scer|Skud	140	847	83
Ctro|Scer|Skud	140	847	83
Calb|Scer|Skud	140	847	83
Cdub|Scer|Skud	140	847	83
Clus|Skud|Smik	632	162	276
Cgui|Skud|Smik	632	162	276
Dhan|Skud|Smik	632	162	276
Psti|Skud|Smik	632	162	276
Cpar|Skud|Smik	632	162	276
Lelo|Skud|Smik	632	162	276
Ctro|Skud|Smik	632	162	276
Calb|Skud|Smik	632	162	276
Cdub|Skud|Smik	632	162	276
Cgui|Clus|Skud	1050	12	8
Clus|Dhan|Skud	1049	14	7
Clus|Psti|Skud	1045	18	7
Clus|Cpar|Skud	1040	22	8
Clus|Lelo|Skud	1040	22	8
Clus|Ctro|Skud	1040	23	7
Calb|Clus|Skud	1040	7	23
Cdub|Clus|Skud	1040	7	23
Cgui|Dhan|Skud	1055	12	3
Cgui|Psti|Skud	1046	19	5
Cgui|Cpar|Skud	1040	24	6
Cgui|Lelo|Skud	1040	24	6
Cgui|Ctro|Skud	1040	24	6
Calb|Cgui|Skud	1040	6	24
Cdub|Cgui|Skud	1040	6	24
Dhan|Psti|Skud	1051	13	6
Cpar|Dhan|Skud	1042	9	19
Dhan|Lelo|Skud	1042	19	9
Ctro|Dhan|Skud	1042	9	19
Calb|Dhan|Skud	1042	9	19
Cdub|Dhan|Skud	1042	9	19
Cpar|Psti|Skud	1044	7	19
Lelo|Psti|Skud	1044	7	19
Ctro|Psti|Skud	1044	7	19
Calb|Psti|Skud	1044	7	19
Cdub|Psti|Skud	1044	7	19
Cpar|Lelo|Skud	1069	1	0
Cpar|Ctro|Skud	1052	7	11
Calb|Cpar|Skud	1052	11	7
Cdub|Cpar|Skud	1052	11	7
Ctro|Lelo|Skud	1052	11	7
Calb|Lelo|Skud	1052	11	7
Cdub|Lelo|Skud	1052	11	7
Calb|Ctro|Skud	1066	2	2
Cdub|Ctro|Skud	1066	2	2
Calb|Cdub|Skud	1070	0	0
Scer|Smik|Spar	842	73	155
Clus|Scer|Spar	880	97	93
Cgui|Scer|Spar	880	97	93
Dhan|Scer|Spar	880	97	93
Psti|Scer|Spar	880	97	93
Cpar|Scer|Spar	880	97	93
Lelo|Scer|Spar	880	97	93
Ctro|Scer|Spar	880	97	93
Calb|Scer|Spar	880	97	93
Cdub|Scer|Spar	880	97	93
Clus|Smik|Spar	794	73	203
Cgui|Smik|Spar	794	73	203
Dhan|Smik|Spar	794	73	203
Psti|Smik|Spar	794	73	203
Cpar|Smik|Spar	794	73	203
Lelo|Smik|Spar	794	73	203
Ctro|Smik|Spar	794	73	203
Calb|Smik|Spar	794	73	203
Cdub|Smik|Spar	794	73	203
Cgui|Clus|Spar	1050	12	8
Clus|Dhan|Spar	1049	14	7
Clus|Psti|Spar	1045	18	7
Clus|Cpar|Spar	1040	22	8
Clus|Lelo|Spar	1040	22	8
Clus|Ctro|Spar	1040	23	7
Calb|Clus|Spar	1040	7	23
Cdub|Clus|Spar	1040	7	23
Cgui|Dhan|Spar	1055	12	3
Cgui|Psti|Spar	1046	19	5
Cgui|Cpar|Spar	1040	24	6
Cgui|Lelo|Spar	1040	24	6
Cgui|Ctro|Spar	1040	24	6
Calb|Cgui|Spar	1040	6	24
Cdub|Cgui|Spar	1040	6	24
Dhan|Psti|Spar	1051	13	6
Cpar|Dhan|Spar	1042	9	19
Dhan|Lelo|Spar	1042	19	9
Ctro|Dhan|Spar	1042	9	19
Calb|Dhan|Spar	1042	9	19
Cdub|Dhan|Spar	1042	9	19
Cpar|Psti|Spar	1044	7	19
Lelo|Psti|Spar	1044	7	19
Ctro|Psti|Spar	1044	7	19
Calb|Psti|Spar	1044	7	19
Cdub|Psti|Spar	1044	7	19
Cpar|Lelo|Spar	1069	1	0
Cpar|Ctro|Spar	1052	7	11
Calb|Cpar|Spar	1052	11	7
Cdub|Cpar|Spar	1052	11	7
Ctro|Lelo|Spar	1052	11	7
Calb|Lelo|Spar	1052	11	7
Cdub|Lelo|Spar	1052	11	7
Calb|Ctro|Spar	1066	2	2
Cdub|Ctro|Spar	1066	2	2
Calb|Cdub|Spar	1070	0	0
Clus|Scer|Smik	190	794	86
Cgui|Scer|Smik	190	794	86
Dhan|Scer|Smik	190	794	86
Psti|Scer|Smik	190	794	86
Cpar|Scer|Smik	190	794	86
Lelo|Scer|Smik	190	794	86
Ctro|Scer|Smik	190	794	86
Calb|Scer|Smik	190	794	86
Cdub|Scer|Smik	190	794	86
Cgui|Clus|Scer	1050	12	8
Clus|Dhan|Scer	1049	14	7
Clus|Psti|Scer	1046	18	6
Clus|Cpar|Scer	1040	22	8
Clus|Lelo|Scer	1040	22	8
Clus|Ctro|Scer	1040	23	7
Calb|Clus|Scer	1040	7	23
Cdub|Clus|Scer	1040	7	23
Cgui|Dhan|Scer	1055	12	3
Cgui|Psti|Scer	1047	19	4
Cgui|Cpar|Scer	1040	24	6
Cgui|Lelo|Scer	1040	24	6
Cgui|Ctro|Scer	1040	24	6
Calb|Cgui|Scer	1040	6	24
Cdub|Cgui|Scer	1040	6	24
Dhan|Psti|Scer	1052	13	5
Cpar|Dhan|Scer	1042	9	19
Dhan|Lelo|Scer	1042	19	9
Ctro|Dhan|Scer	1042	9	19
Calb|Dhan|Scer	1042	9	19
Cdub|Dhan|Scer	1042	9	19
Cpar|Psti|Scer	1045	7	18
Lelo|Psti|Scer	1045	7	18
Ctro|Psti|Scer	1045	7	18
Calb|Psti|Scer	1045	7	18
Cdub|Psti|Scer	1045	7	18
Cpar|Lelo|Scer	1069	1	0
Cpar|Ctro|Scer	1052	7	11
Calb|Cpar|Scer	1052	11	7
Cdub|Cpar|Scer	1052	11	7
Ctro|Lelo|Scer	1052	11	7
Calb|Lelo|Scer	1052	11	7
Cdub|Lelo|Scer	1052	11	7
Calb|Ctro|Scer	1066	2	2
Cdub|Ctro|Scer	1066	2	2
Calb|Cdub|Scer	1070	0	0
Cgui|Clus|Smik	1050	12	8
Clus|Dhan|Smik	1049	14	7
Clus|Psti|Smik	1045	18	7
Clus|Cpar|Smik	1040	22	8
Clus|Lelo|Smik	1040	22	8
Clus|Ctro|Smik	1040	23	7
Calb|Clus|Smik	1040	7	23
Cdub|Clus|Smik	1040	7	23
Cgui|Dhan|Smik	1055	12	3
Cgui|Psti|Smik	1046	19	5
Cgui|Cpar|Smik	1040	24	6
Cgui|Lelo|Smik	1040	24	6
Cgui|Ctro|Smik	1040	24	6
Calb|Cgui|Smik	1040	6	24
Cdub|Cgui|Smik	1040	6	24
Dhan|Psti|Smik	1051	13	6
Cpar|Dhan|Smik	1042	9	19
Dhan|Lelo|Smik	1042	19	9
Ctro|Dhan|Smik	1042	9	19
Calb|Dhan|Smik	1042	9	19
Cdub|Dhan|Smik	1042	9	19
Cpar|Psti|Smik	1044	7	19
Lelo|Psti|Smik	1044	7	19
Ctro|Psti|Smik	1044	7	19
Calb|Psti|Smik	1044	7	19
Cdub|Psti|Smik	1044	7	19
Cpar|Lelo|Smik	1069	1	0
Cpar|Ctro|Smik	1052	7	11
Calb|Cpar|Smik	1052	11	7
Cdub|Cpar|Smik	1052	11	7
Ctro|Lelo|Smik	1052	11	7
Calb|Lelo|Smik	1052	11	7
Cdub|Lelo|Smik	1052	11	7
Calb|Ctro|Smik	1066	2	2
Cdub|Ctro|Smik	1066	2	2
Calb|Cdub|Smik	1070	0	0
Cgui|Clus|Dhan	280	512	278
Cgui|Clus|Psti	388	404	278
Cgui|Clus|Cpar	454	357	259
Cgui|Clus|Lelo	456	356	258
Cgui|Clus|Ctro	453	353	264
Calb|Cgui|Clus	354	264	452
Cdub|Cgui|Clus	354	264	452
Clus|Dhan|Psti	345	181	544
Clus|Cpar|Dhan	178	437	455
Clus|Dhan|Lelo	443	173	454
Clus|Ctro|Dhan	180	439	451
Calb|Clus|Dhan	180	451	439
Cdub|Clus|Dhan	180	451	439
Clus|Cpar|Psti	90	311	669
Clus|Lelo|Psti	88	312	670
Clus|Ctro|Psti	96	310	664
Calb|Clus|Psti	94	666	310
Cdub|Clus|Psti	94	666	310
Clus|Cpar|Lelo	40	12	1018
Clus|Cpar|Ctro	47	66	957
Calb|Clus|Cpar	67	960	43
Cdub|Clus|Cpar	68	959	43
Clus|Ctro|Lelo	76	41	953
Calb|Clus|Lelo	74	956	40
Cdub|Clus|Lelo	75	955	40
Calb|Clus|Ctro	22	1036	12
Cdub|Clus|Ctro	24	1034	12
Calb|Cdub|Clus	1065	2	3
Cgui|Dhan|Psti	483	172	415
Cgui|Cpar|Dhan	156	570	344
Cgui|Dhan|Lelo	575	153	342
Cgui|Ctro|Dhan	153	574	343
Calb|Cgui|Dhan	153	344	573
Cdub|Cgui|Dhan	153	344	573
Cgui|Cpar|Psti	91	339	640
Cgui|Lelo|Psti	90	339	641
Cgui|Ctro|Psti	91	341	638
Calb|Cgui|Psti	89	640	341
Cdub|Cgui|Psti	89	640	341
Cgui|Cpar|Lelo	38	12	1020
Cgui|Cpar|Ctro	46	58	966
Calb|Cgui|Cpar	61	967	42
Cdub|Cgui|Cpar	62	966	42
Cgui|Ctro|Lelo	67	42	961
Calb|Cgui|Lelo	68	962	40
Cdub|Cgui|Lelo	69	961	40
Calb|Cgui|Ctro	21	1039	10
Cdub|Cgui|Ctro	22	1037	11
Calb|Cdub|Cgui	1066	3	1
Cpar|Dhan|Psti	85	578	407
Dhan|Lelo|Psti	83	409	578
Ctro|Dhan|Psti	88	572	410
Calb|Dhan|Psti	87	574	409
Cdub|Dhan|Psti	87	574	409
Cpar|Dhan|Lelo	40	1019	11
Cpar|Ctro|Dhan	962	44	64
Calb|Cpar|Dhan	964	65	41
Cdub|Cpar|Dhan	964	65	41
Ctro|Dhan|Lelo	74	954	42
Calb|Dhan|Lelo	74	956	40
Cdub|Dhan|Lelo	75	955	40
Calb|Ctro|Dhan	1042	16	12
Cdub|Ctro|Dhan	1041	16	13
Calb|Cdub|Dhan	1066	3	1
Cpar|Lelo|Psti	1022	29	19
Cpar|Ctro|Psti	941	53	76
Calb|Cpar|Psti	942	77	51
Cdub|Cpar|Psti	942	77	51
Ctro|Lelo|Psti	932	85	53
Calb|Lelo|Psti	933	85	52
Cdub|Lelo|Psti	933	85	52
Calb|Ctro|Psti	1038	19	13
Cdub|Ctro|Psti	1037	19	14
Calb|Cdub|Psti	1065	4	1
Cpar|Ctro|Lelo	71	953	46
Calb|Cpar|Lelo	69	46	955
Cdub|Cpar|Lelo	69	46	955
Calb|Cpar|Ctro	55	970	45
Cdub|Cpar|Ctro	55	969	46
Calb|Cdub|Cpar	1063	3	4
Calb|Ctro|Lelo	976	52	42
Cdub|Ctro|Lelo	974	53	43
Calb|Cdub|Lelo	1062	3	5
Calb|Cdub|Ctro	1055	8	7
